-- =====================================================
-- PyroVenta — Seed Data (MULTITENANT)
-- Ejecutar DESPUÉS de schema.sql
-- =====================================================

-- ---- TENANT DEMO ------------------------------------
INSERT INTO tenants (id, name, slug, active, license_start, license_end) VALUES
  ('00000000-0000-0000-0000-000000000001', 'Pirotécnica La Chispa (Demo)', 'demo', true, '2026-01-01', '2026-12-31')
ON CONFLICT (id) DO NOTHING;

-- ---- SUPER ADMIN ------------------------------------
-- Generar el hash con:  node scripts/hash-password.mjs <tu-contraseña>
-- y reemplazar el valor de password_hash antes de ejecutar.
INSERT INTO super_admins (email, password_hash) VALUES
  ('miguel.sanchez@super.com.co', '$2a$10$REEMPLAZAR_CON_HASH_REAL')
ON CONFLICT (email) DO NOTHING;

-- ---- PUNTOS DE VENTA --------------------------------
INSERT INTO locations (id, tenant_id, name, address, printer_config) VALUES
  ('11111111-0000-0000-0000-000000000001', '00000000-0000-0000-0000-000000000001', 'Local Principal', 'Av. Principal #45-12', '{"printer_name":"POS-80","paper_width":"80mm","chars_per_line":48,"header_lines":["PIROTÉCNICA LA CHISPA","Av. Principal #45-12"],"footer_lines":["¡Gracias por su compra!","Manipule con responsabilidad"],"use_qz_tray":true}'),
  ('11111111-0000-0000-0000-000000000002', '00000000-0000-0000-0000-000000000001', 'Stand Norte', 'Centro Comercial Norte, Local 203', '{"printer_name":"POS-58","paper_width":"58mm","chars_per_line":32,"header_lines":["PIROTÉCNICA LA CHISPA","CC Norte, Local 203"],"footer_lines":["¡Gracias por su compra!","Manipule con responsabilidad"],"use_qz_tray":false}'),
  ('11111111-0000-0000-0000-000000000003', '00000000-0000-0000-0000-000000000001', 'Stand Sur', 'Galería Sur, Puesto 8', '{"printer_name":"POS-58","paper_width":"58mm","chars_per_line":32,"header_lines":["PIROTÉCNICA LA CHISPA","Galería Sur, Puesto 8"],"footer_lines":["¡Gracias por su compra!","Manipule con responsabilidad"],"use_qz_tray":false}')
ON CONFLICT (id) DO NOTHING;

-- ---- CATEGORÍAS -------------------------------------
INSERT INTO categories (id, tenant_id, name, icon, sort_order) VALUES
  ('22222222-0000-0000-0000-000000000001', '00000000-0000-0000-0000-000000000001', 'Infantiles',  '🎆', 1),
  ('22222222-0000-0000-0000-000000000002', '00000000-0000-0000-0000-000000000001', 'Familia',     '🎇', 2),
  ('22222222-0000-0000-0000-000000000003', '00000000-0000-0000-0000-000000000001', 'Profesional', '💥', 3),
  ('22222222-0000-0000-0000-000000000004', '00000000-0000-0000-0000-000000000001', 'Explosivos',  '🧨', 4)
ON CONFLICT (id) DO NOTHING;

-- ---- VENDEDORES -------------------------------------
-- PINs: Carlos→1111, Sandra→2222, Javier→3333, María→4444, Admin→0000
INSERT INTO sellers (id, tenant_id, name, pin, role) VALUES
  ('33333333-0000-0000-0000-000000000001', '00000000-0000-0000-0000-000000000001', 'Carlos', '1111', 'seller'),
  ('33333333-0000-0000-0000-000000000002', '00000000-0000-0000-0000-000000000001', 'Sandra', '2222', 'seller'),
  ('33333333-0000-0000-0000-000000000003', '00000000-0000-0000-0000-000000000001', 'Javier', '3333', 'seller'),
  ('33333333-0000-0000-0000-000000000004', '00000000-0000-0000-0000-000000000001', 'María',  '4444', 'cashier'),
  ('33333333-0000-0000-0000-000000000005', '00000000-0000-0000-0000-000000000001', 'Admin',  '0000', 'admin')
ON CONFLICT (id) DO NOTHING;

-- ---- ASIGNACIÓN VENDEDOR ↔ PUNTO DE VENTA ----------
INSERT INTO seller_locations (tenant_id, seller_id, location_id) VALUES
  ('00000000-0000-0000-0000-000000000001', '33333333-0000-0000-0000-000000000001', '11111111-0000-0000-0000-000000000001'),
  ('00000000-0000-0000-0000-000000000001', '33333333-0000-0000-0000-000000000001', '11111111-0000-0000-0000-000000000002'),
  ('00000000-0000-0000-0000-000000000001', '33333333-0000-0000-0000-000000000002', '11111111-0000-0000-0000-000000000001'),
  ('00000000-0000-0000-0000-000000000001', '33333333-0000-0000-0000-000000000003', '11111111-0000-0000-0000-000000000002'),
  ('00000000-0000-0000-0000-000000000001', '33333333-0000-0000-0000-000000000003', '11111111-0000-0000-0000-000000000003'),
  ('00000000-0000-0000-0000-000000000001', '33333333-0000-0000-0000-000000000004', '11111111-0000-0000-0000-000000000003'),
  ('00000000-0000-0000-0000-000000000001', '33333333-0000-0000-0000-000000000005', '11111111-0000-0000-0000-000000000001'),
  ('00000000-0000-0000-0000-000000000001', '33333333-0000-0000-0000-000000000005', '11111111-0000-0000-0000-000000000002'),
  ('00000000-0000-0000-0000-000000000001', '33333333-0000-0000-0000-000000000005', '11111111-0000-0000-0000-000000000003')
ON CONFLICT DO NOTHING;

-- ---- PRODUCTOS Y PRESENTACIONES ---------------------
INSERT INTO products (id, tenant_id, name, category_id) VALUES
  ('44444444-0000-0000-0000-000000000001', '00000000-0000-0000-0000-000000000001', 'Tiro al blanco',       '22222222-0000-0000-0000-000000000001'),
  ('44444444-0000-0000-0000-000000000002', '00000000-0000-0000-0000-000000000001', 'Bengala colores',      '22222222-0000-0000-0000-000000000001'),
  ('44444444-0000-0000-0000-000000000003', '00000000-0000-0000-0000-000000000001', 'Volcán pequeño',       '22222222-0000-0000-0000-000000000001'),
  ('44444444-0000-0000-0000-000000000004', '00000000-0000-0000-0000-000000000001', 'Serpentina de fuego',  '22222222-0000-0000-0000-000000000001'),
  ('44444444-0000-0000-0000-000000000005', '00000000-0000-0000-0000-000000000001', 'Bomba de colores',     '22222222-0000-0000-0000-000000000002'),
  ('44444444-0000-0000-0000-000000000006', '00000000-0000-0000-0000-000000000001', 'Pistola de chispas',   '22222222-0000-0000-0000-000000000002'),
  ('44444444-0000-0000-0000-000000000007', '00000000-0000-0000-0000-000000000001', 'Globo de luz',         '22222222-0000-0000-0000-000000000002'),
  ('44444444-0000-0000-0000-000000000008', '00000000-0000-0000-0000-000000000001', 'Castillo pirotécnico', '22222222-0000-0000-0000-000000000003'),
  ('44444444-0000-0000-0000-000000000009', '00000000-0000-0000-0000-000000000001', 'Candelilla romana',    '22222222-0000-0000-0000-000000000003'),
  ('44444444-0000-0000-0000-000000000010', '00000000-0000-0000-0000-000000000001', 'Display de fuente',    '22222222-0000-0000-0000-000000000003'),
  ('44444444-0000-0000-0000-000000000011', '00000000-0000-0000-0000-000000000001', 'Trueno navideño',      '22222222-0000-0000-0000-000000000004'),
  ('44444444-0000-0000-0000-000000000012', '00000000-0000-0000-0000-000000000001', 'Volador sin palo',     '22222222-0000-0000-0000-000000000004')
ON CONFLICT (id) DO NOTHING;

INSERT INTO presentations (tenant_id, product_id, label, price) VALUES
  ('00000000-0000-0000-0000-000000000001', '44444444-0000-0000-0000-000000000001', 'Unidad',      2500),
  ('00000000-0000-0000-0000-000000000001', '44444444-0000-0000-0000-000000000001', 'Pack x12',   25000),
  ('00000000-0000-0000-0000-000000000001', '44444444-0000-0000-0000-000000000001', 'Caja x48',   85000),
  ('00000000-0000-0000-0000-000000000001', '44444444-0000-0000-0000-000000000002', 'Unidad',      1500),
  ('00000000-0000-0000-0000-000000000001', '44444444-0000-0000-0000-000000000002', 'Pack x10',   12000),
  ('00000000-0000-0000-0000-000000000001', '44444444-0000-0000-0000-000000000002', 'Caja x100', 100000),
  ('00000000-0000-0000-0000-000000000001', '44444444-0000-0000-0000-000000000003', 'Unidad',      4500),
  ('00000000-0000-0000-0000-000000000001', '44444444-0000-0000-0000-000000000003', 'Pack x6',    22000),
  ('00000000-0000-0000-0000-000000000001', '44444444-0000-0000-0000-000000000004', 'Unidad',       800),
  ('00000000-0000-0000-0000-000000000001', '44444444-0000-0000-0000-000000000004', 'Bolsa x20',  12000),
  ('00000000-0000-0000-0000-000000000001', '44444444-0000-0000-0000-000000000004', 'Caja x100',  50000),
  ('00000000-0000-0000-0000-000000000001', '44444444-0000-0000-0000-000000000005', 'Unidad',      8000),
  ('00000000-0000-0000-0000-000000000001', '44444444-0000-0000-0000-000000000005', 'Pack x6',    40000),
  ('00000000-0000-0000-0000-000000000001', '44444444-0000-0000-0000-000000000006', 'Unidad',     12000),
  ('00000000-0000-0000-0000-000000000001', '44444444-0000-0000-0000-000000000006', 'Pack x2',    22000),
  ('00000000-0000-0000-0000-000000000001', '44444444-0000-0000-0000-000000000007', 'Unidad',      3500),
  ('00000000-0000-0000-0000-000000000001', '44444444-0000-0000-0000-000000000007', 'Pack x5',    15000),
  ('00000000-0000-0000-0000-000000000001', '44444444-0000-0000-0000-000000000007', 'Caja x20',   55000),
  ('00000000-0000-0000-0000-000000000001', '44444444-0000-0000-0000-000000000008', 'Pequeño',    35000),
  ('00000000-0000-0000-0000-000000000001', '44444444-0000-0000-0000-000000000008', 'Mediano',    65000),
  ('00000000-0000-0000-0000-000000000001', '44444444-0000-0000-0000-000000000008', 'Grande',    120000),
  ('00000000-0000-0000-0000-000000000001', '44444444-0000-0000-0000-000000000009', 'Unidad',     15000),
  ('00000000-0000-0000-0000-000000000001', '44444444-0000-0000-0000-000000000009', 'Caja x12',  150000),
  ('00000000-0000-0000-0000-000000000001', '44444444-0000-0000-0000-000000000010', 'Kit básico',  85000),
  ('00000000-0000-0000-0000-000000000001', '44444444-0000-0000-0000-000000000010', 'Kit premium',180000),
  ('00000000-0000-0000-0000-000000000001', '44444444-0000-0000-0000-000000000010', 'Kit show',   350000),
  ('00000000-0000-0000-0000-000000000001', '44444444-0000-0000-0000-000000000011', 'Unidad',      2000),
  ('00000000-0000-0000-0000-000000000001', '44444444-0000-0000-0000-000000000011', 'Pack x20',   30000),
  ('00000000-0000-0000-0000-000000000001', '44444444-0000-0000-0000-000000000011', 'Caja x100', 120000),
  ('00000000-0000-0000-0000-000000000001', '44444444-0000-0000-0000-000000000012', 'Unidad',      3000),
  ('00000000-0000-0000-0000-000000000001', '44444444-0000-0000-0000-000000000012', 'Pack x10',   25000),
  ('00000000-0000-0000-0000-000000000001', '44444444-0000-0000-0000-000000000012', 'Caja x50',  100000)
ON CONFLICT DO NOTHING;

-- ---- STOCK inicial ----------------------------------
INSERT INTO stock (tenant_id, product_id, location_id, quantity)
SELECT '00000000-0000-0000-0000-000000000001', p.id, '11111111-0000-0000-0000-000000000001', 100
FROM products p ON CONFLICT (product_id, location_id) DO NOTHING;

INSERT INTO stock (tenant_id, product_id, location_id, quantity)
SELECT '00000000-0000-0000-0000-000000000001', p.id, '11111111-0000-0000-0000-000000000002', 50
FROM products p ON CONFLICT (product_id, location_id) DO NOTHING;

INSERT INTO stock (tenant_id, product_id, location_id, quantity)
SELECT '00000000-0000-0000-0000-000000000001', p.id, '11111111-0000-0000-0000-000000000003', 50
FROM products p ON CONFLICT (product_id, location_id) DO NOTHING;
